TapRoom,Street,City,State,Zip
1717 Brewing Co,322 E Court Ave,Des Moines,IA,50309
5 Alarm Brewing Co,211 W Main St,Lake Mills,IA,50450
515 Brewing Co,7700 University Ave,Clive,IA,50325-1271
5ive Cities Brewing,2255 Falcon Ave,Bettendorf ,IA,52722
Alluvial Brewing Company,3715 W 190th St,Ames,IA,50014-9316
Big Grove Brewery and Taproom,1225 S Gilbert St,Iowa City,IA,52240-4507
Brightside Aleworks,480 Center Pl,Altoona,IA,50009
Brioux City Brewery,1306 Court St,Sioux City,IA,51105
Carroll Brewing Co.,226 E 5th St,Carroll,IA,51401-2743
Clock House Brewing,600 1st St SE,Cedar Rapids,IA,52401
Contrary Brewing Co,411 W Mississippi Dr,Muscatine,IA,52761-3150
Crawford Brew Works - Bettendorf Iowa,3659 Devils Glenn Rd,Bettendorf,IA,56484
Dimensional Brewing Co.,67 Main St,Dubuque,IA,52001
Drink Me Brewing,210 9th St,Sibley,IA,51249-1812
Fat Hill Brewing,17 N Federal Ave,Mason City,IA,50401-3250
Fenders Brewing Company,212 W Van Dorn St,Polk City,IA,50226-2297
Franklin Street Brewing Company,116 S Franklin St,Manchester,IA,52057-2121
Full Fledged Brewing Company,40 Arena Way,Council Bluffs,IA,51501
Green Tree Brewery,309 N Cody Road,Le Claire,IA,52753
Iowa River Brewing Company,107 N 1st St,Marshalltown,IA,50158-5803
Jubeck New World Brewing,115 W 11th St,Dubuque,IA,52001-4802
Madhouse Brewing Co,501 Scott Ave,Des Moines,IA,50309-5047
Mason City Brewing,28 E State St,Mason City,IA,50401-3318
Mistress Brewing Company,1802 N Ankeny Blvd,Ankeny,IA,50023
Okoboji Brewing Co,3705 Highway 71,Spirit Lake,IA,51360-7196
Pallister Brothers Brewing Company,116 N Market St,Ottumwa,IA,52501
Pulpit Rock Brewing Co.,207 College Dr,Decorah,IA,52101-1304
Reclaimed Rails Brewing Company,101 Main St. SE,Bondurant,IA,50035-7722
River Hops Brewing,1014 Central Ave,Fort Dodge,IA,50501
River Ridge Brewing,118 N Riverview St,Bellevue,IA,52031-1248
Saint Charles Brewing Co,100 S Main St,Charles City,IA,50616
Textile Brewing Company,146 2nd St,Dyersville,IA,52040
Thew Brewing Company,301 2nd Ave,Cedar Rapids,IA,52404
Timbukbru,215 6th St SW,Clarion,IA,50525
Torrent Brewing Co,504 Burnett Ave,Ames,IA,50010-6178
Twisted Vine Brewery,3320 Westown Pkwy,West Des Moines,IA,50266-1111
Worth Brewing Co,835 Central Ave,Northwood,IA,50459-1519
2 Doors Down Brewing,112 Warner Ct,Clinton,IL,61727
25 O'Clock Brewing Company,208 W Griggs St,Urbana,IL,61801
Alarmist Brewing,4055 W Peterson Ave Ste REAR,Chicago,IL,60646-6072
Alter Brewing Company,2300 Wisconsin Ave Ste 213,Downers Grove,IL,60515-2234
Anvil and Forge Brewery and Distillery,619 E Washington St Suite A,Springfield,IL,62701-1028
Bearded Owl Brewing,112 State St Ste 1A,Peoria,IL,61602-5121
Begyle Brewing,1800 W Cuyler Ave Ste 1E,Chicago,IL,60613-3892
Black & Gray Brewing Co.,311 Barrington Ave Unit B,East Dundee,IL,60118
Black Horizon Brewing Company,7560 S Quincy St,Willowbrook,IL,60527-5545
Blue Island Beer Co,13357 Olde Western Ave,Blue Island,IL,60406-2969
Blue Nose Brewery,6119 East Ave,Hodgkins,IL,60525-4126
Bold Dog Beer Company,4727 W Montrose Ave Ste 3,Chicago,IL,60641
Bosacki's Home Brew,610 E Hawley St,Mundelein,IL,60060
Buffalo Creek Brewing,360 Historical Ln,Long Grove,IL,60047-9613
Buzz Bomb Brewing Co,406 E Adams St,Springfield,IL,62701
Byers Brewing Company,,Dekalb,IL,60115-4661
Church Street Brewing Company,1480 Industrial Dr Ste C,Itasca,IL,60143-1857
D and G Brewing Company,303 N 4th St,Saint Charles,IL,60174
Door 4 Brewing Co,1214 W Cerro Gordo St,Decatur,IL,62522-2008
Dry City Brew Works,120B N Main St,Wheaton,IL,60187-
Elder Brewing Co.,218 E Cass St,Joliet,IL,60432-2813
Empirical Brewery,1801 W Foster Ave,Chicago,IL,60640-1023
"Evil Horse Brewing Company, LLC",1338 Main St,Crete,IL,60417-2131
Fibs Brewing Company,260 Howard Ave,Des Plaines,IL,60018
Flesk Brewing,200 Applebee St Ste E,Barrington,IL,60010-3063
Forge Brewhouse,216 N 6TH ST,Dekalb,IL,60115
Forgottonia Brewing,324 N Lafayette St,Macomb,IL,61455
Generations Brewing Company,1400 S Adams Ave,Freeport,IL,61032-9717
Great Central Brewing Company,221 N Wood St,Chicago,IL,60612-2614
Hand of Fate Brewing Co,107 E Douglas Ave,Petersburg,IL,62675-1558
Harbor Brewing Co,811 Sheridan Rd,Winthrop Harbor,IL,60096
Hickory Creek Brewing Company LLC,1005 W Laraway Rd Unit 260,New Lenox,IL,60451
Holzlager Brewing Co.,150 S. Eastwood Dr. Suite A,Woodstock,IL,60098
Industry Brewing,8012 N Hale Ave,Peoria,IL,61615-2050
Itasca Brewing Company Inc,400 E Orchard St Ste B,Itasca,IL,60143-1773
John S. Rhodell Brewery,100 Walnut St Ste 111,Peoria,IL,61602-1544
Keg Grove Brewing Company,712 E Empire St Ste 2,Bloomington,IL,61701-3252
Kennay Farms Distilling,416 Lincoln Hwy,Rochelle,IL,61068
Kinslahger Brewing Company,6806 Roosevelt Rd,Oak Park,IL,60304-1905
Lake Bluff Brewing Company,16 E Scranton Ave,Lake Bluff,IL,60044-2543
Lake Effect Brewing Company,4727 W Montrose Ave,Chicago,IL,60641-1504
Lieferbrau Brewery LLC,118 East Market Street,Red Bud,IL,62278
Lil Beaver Brewery,16 Currency Dr Unit B,Bloomington,IL,61704-9632
Lo Rez Brewing,2101 S Carpenter St,Chicago,IL,60608-4529
Lunar Brewing Co,54 E Saint Charles Rd,Villa Park,IL,60181-2434
Macushla Brewing Co,1516 E Lake Ave,Glenview,IL,60025
Mad Hatchet Brewing,913 Brookforest Avenue,SHOREWOOD,IL,60404
McHenry Brewing Company,3425 Pearl St.,McHenry,IL,60050
Midwest Coast Brewing Company,2137 W Walnut St,Chicago,IL,60612
Millpond Brewing and Incubator,308 E. Washington Street,Millstadt,IL,62260
Miskatonic Brewing Company,1000 N Frontage Rd Ste C,Darien,IL,60561-6448
Motor Row Brewing,2337 S Michigan Ave,Chicago,IL,60616-2104
Noon Whistle Brewing Company,800 E Roosevelt Rd Ste 3,Lombard,IL,60148-4765
On Tour Brewing Co.,1725 W Hubbard St,Chicago,IL,60622-6213
Only Child Brewing Company,1350 Tri State Pkwy Ste 124,Gurnee,IL,60031-9135
Opera House Brewing Company,405 S Main St,Hillsboro,IL,62049
Oswego Brewing Company,61 Main St,Oswego,IL,60543-8592
Pig Minds Brewing Co,4080 Steele Dr,Machesney Park,IL,61115-8358
Pilot Project Brewing,2140 N. Milwaukee Ave.,Chicago,IL,60647
Pollyanna Brewing Company,245 E Main St,Roselle,IL,60172
"Rabid Brewing, LLC",17559 Bretz Dr,Homewood,IL,60430
Recess Brewing,307 N Main St,Edwardsville,IL,62025-1615
Riggs Beer Company,1901 S High Cross Rd,Urbana,IL,61802-7843
River Hawk Brewing,24735 W Eames St,Channahon,IL,60410-8705
Roaring Table Brewing,739 W IL 22,Lake Zurich,IL,60047
Rt66 Old School Brewing,110 Bridge St,Wilmington,IL,60481
Scallywag Brewing,41 N Cass Ave,Westmont,IL,60559
Sew Hop'd Brewery LLC,1 UNION SPECIAL PLZ,Huntley,IL,60142
Short Fuse Brewing Company,5000 River Rd,Schiller Park,IL,60176-1021
Side Lot Brewery,110 Slocum Lake Rd,Wauconda,IL,60084-1883
Skeleton Key Brewery,8102 Lemont Rd Ste 300,Woodridge,IL,60517-7764
Springfield Beer Company,3788 Wabash Ave,Springfield,IL,62711
Stubborn German Brewing Co,119 S Main St,Waterloo,IL,62298-1323
Tighthead Brewing Co,161 N Archer Ave,MUNDELEIN,IL,60060
Une Annee Brewery,9082 W Golf Rd,Niles,IL,60714-5805
Wake Brewing,2529 5th Ave,Rock Island,IL,61201
Werk Force Brewing Co,14903 S Center St # 107,Plainfield,IL,60544-2177
Whiskey Hill Brewing,1115 Zygmunt Cir,Westmont,IL,60559-2684
White Oak Brewing,1801 Industrial Park Dr,Normal,IL,61761-4378
Will County Brewing Company,1142 W Jefferson St,Shorewood,IL,60404-0703
Wishful Acres Farm & Brewery,4679 N. Flansburg Rd.,Lena,IL,61048
Wolfden Brewing Company,112 W Lake St,Bloomingdale,IL,60108-1018
ZumBier,3232 E Monroe St,Waukegan,IL,60085
Back Road Brewery,308 Perry St,La Porte,IN,46350-3216
Backstep Brewing Company,125 N Green St,Crawfordsville,IN,47933-1708
Bare Hands Brewery,12804 Sandy Ct,Granger,IN,46530-4309
Beech Bank Brewing Company,301 Main St,Beech Grove,IN,46107
Bier Brewery and Taproom,5133 E 65th St,Indianapolis,IN,46220-4816
Big Leaf Brewing,1320 Durkees Ferry Rd,West Terre Haute,IN,47885-9626
Black Circle Brewing Co,2201 E 46th St,Indianapolis,IN,46205
Brokerage Brewing Company,2516 Covington St,West Lafayette,IN,47906-1404
Centerpoint Brewing,1125 E Brookside Ave,Indianapolis,IN,46202-3587
Chapman's Brewing Company,300 Industrial Dr,Angola,IN,46703-1053
Chateau De Pique Winery & Brewery,6361 N County Road 760 E,Seymour,IN,47274-8936
Chesterton Brewery,1050 Broadway,Chesterton,IN,46304
City Wineworks,69 N Broadway,Peru,IN,46970
Crasian Brewing Co,5528 E Sheridan Road,Monticello,IN,47960
Creatures Of Habit Brewing Co,1031 Meridian St,Anderson,IN,46016-1749
Deer Creek Brewery,17661 Cumberland Rd,Noblesville,IN,46060-
Deviate Brewing Co,4004 W 96th St,Indianapolis,IN,46268-2909
Fortlandia Nano Brewery,1010 Spring St,Fort Wayne,IN,46808
Four Fathers Brewing,3705 Bowman Drive,Valparaiso,IN,46383
Garfield Brewery,2310 Shelby St,Indianapolis,IN,46203
Goodwood Brewhouse & Live Room,134 Spring St,Jeffersonville,IN,47130
Guggman Haus Brewing Co.,1701 Gent Ave,Indianapolis,IN,46202-2158
Haynie's Corner Brewing Company,56 Adams Ave,Evansville,IN,47713
Hop River Brewing Company,1515 N Harrison St,Fort Wayne,IN,46808-2729
Ironwood Brewing Co LLC,6 Roosevelt Rd,Valparaiso,IN,46383-5136
Mind Over Mash Brewing Company,486 Southpoint Cir Ste 106,Brownsburg,IN,46112
New Boswell Brewing Co,923 N E St,Richmond,IN,47374
New Corner Brewing Company,1900 W Mt Pleasant Blvd Ste G,Muncie,IN,47302-9566
New Madison Brewing,3463 Shun Pike Rd,Madison,IN,47250
New Oberpfalz Brewing,121 E Main St,Griffith,IN,46319-2243
Pax Verum Brewing,908 N Main St,Lapel,IN,46051-5537
Planetary Brewing Company,500 Polk St Ste 22,Greenwood,IN,46143-1638
Round Town Brewery,950 S White River Pky West Dr Ste 100,Indianapolis,IN,46221-1373
Scarlet Lane Brewing Company LLC,7724 Depot St,McCordsville,IN,46055-6173
Schnabeltier,491 Apache Dr,Rochester,IN,46975
Shaggy Ass Brewery / TJ Haase Winery,708 E 3rd St,Clinton,IN,47842
St John Malt Brothers Brewing,9607 Wicker Ave,Saint John,IN,46373
Switchyard Brewing Company,419 N Walnut St,Bloomington,IN,47404-3842
The Guardian Brewing Company,514 E Jackson Street,Muncie,IN,47305
Thieme & Wagner Brewery,652 Main St,Lafayette,IN,47901
Tin Man Brewing Kokomo,500 N Buckeye St A,Kokomo,IN,46903-0236
Union Brewing,622 S Rangeline Rd Ste Q,Carmel,IN,46032-2152
Urban Vines Winery and Brewery,303 E 161st St,Westfield,IN,46074
Wabash Brewing,5328 W 79th St,Indianapolis,IN,46268-1631
WaterTower Estates Winery and Brewery,525 W Springhill Dr,Terre Haute,IN,47802
Windmill Brewing,2121 Gettler St,Dyer,IN,46311-1859
Wolves' Head Brewing Company,219 S Walnut St,Muncie,IN,47305
Zorn Brew Works,605 E 9th St,Michigan City,IN,46360-3651
Barrister's Brewing Inc.,2822 SW Arrowhead Rd.,Topeka,KS,66614
Central Standard Brewing,156 S Greenwood St,Wichita,KS,67211-1815
Happy Basset Brewing Company,6044 SW 29th St,Topeka,KS,66614-4268
Hopping Gnome Brewing Company,1710 E Douglas Ave,Wichita,KS,67214-4212
Limitless Brewing,9765 Widmer Rd,Lenexa,KS,66215-1260
Norsemen Brewing Co.,830 N. Kansas Ave,Topeka,KS,66618
Red Crow Brewing Company,,Olathe,KS,66062
Sandhills Brewing,111 W 2nd St Ste D,Hutchinson,KS,67501
Sandhills Brewing,5612 Johnson Dr,Mission,KS,66202
Servaes Brewing Company,10921 Johnson Dr,Shawnee,KS,66203-2829
The Boiler Room Brewhaus LLC,10 S National Ave,Fort Scott,KS,66701-1311
Third Place Brewing,630 E Douglas Ave,Wichita,KS,67202-3537
Wakarusa Brewing Company,710 Main St,Eudora,KS,66025
127 Brewing,3090 Shirley Dr,Jackson,MI,49201-7010
734 Brewing Company,15 E Cross St,Ypsilanti,MI,48198
Aberrant Ales,219 W Grand River Ave,Howell,MI,48843
Albion Malleable Brewing Company,420 S Superior St,Albion,MI,49224
Alpha Michigan Brewing Company,303 E Center St,Alpha,MI,49902
Arclight Brewing Company,544 N Main St,Watervliet,MI,49098-9797
"Artisan Reserve, Inc.",36542 Goddard Road,Romulus,MI,48174
BAD Brewing Co,440 S Jefferson St,Mason,MI,48854-1654
Baffin Brewing Co,25113 Jefferson Ave,Saint Clair Shores,MI,48081-2303
Barrel and Beam,260 Northwoods RD,Marquette,MI,49855
Bier Distillery,5295 West River Dr NE Ste 100,Comstock Park,MI,49321-8030
Biere De Mac Brew Works,14277 N Mackinaw Hwy,Mackinaw City,MI,49701-8622
Big Buck Brewery and Steakhouse - Gaylord,550 S Wisconsin Ave,Gaylord,MI,49735-1742
Black Fire Winery,1261 E Munger Rd,Tecumseh,MI,49286-8714
Brewery 4 Two 4,321 Douglas Ave Ste 120,Holland,MI,49424-6599
Brewery Becker,500 W Main St,Brighton,MI,48116-1471
BrickHaven Brewing Company,200 E Jefferson St,Grand Ledge,MI,48837-1537
Brickside Brewery,64 Gratiot Street,Copper Harbor,MI,49918
Broad Leaf Local Beer,2885 Lake Eastbrook Blvd,Kentwood,MI,49512
Brooks Brewing,52033 Van Dyke,Shelby Charter Township,MI,48316
Brooks Brewing,22925 Wood Ave,Ferndale,MI,
Burt Lake Brewery / Seasons of the North Winery,9090 W M-68 Hwy,Alanson,MI,49706
"Canton Brew Works, LLC",8521 N Lilley Rd,Canton,MI,48187-2091
Cognition Brewing Company,113 E Canda St,Ishpeming,MI,49849-1904
Cold Iron Brewing,104 S Lowell St,Ironwood,MI,49938-2044
Creston Brewery,1504 Plainfield Ave NE,Grand Rapids,MI,49505-4923
Dearborn Brewing,21930 Michigan Ave,Dearborn,MI,48124-2351
Downey Brewing Company,13121 Prospect St,Dearborn,MI,48126-3603
Drafting Table Brewing Company,49438 Pontiac Trl,Wixom,MI,48393-2005
EagleMonk Pub and Brewery,4906 W Mount Hope Hwy,Lansing,MI,48917-9588
Earthen Ales,1371 Gray Dr Ste 200,Traverse City,MI,49684-7805
East Channel Brewing Company,209 Maple St,Munising,MI,49862-1084
Eastern Market Brewing Company,2515 Riopelle St,Detroit,MI,48207-4526
Ellison Brewery & Spirits,4903 Dawn Ave,East Lansing,MI,48823-5610
Eternity Brewing Co,4060 E Grand River Ave,Howell,MI,48843-8583
Exferimentation Brewing Company,7 N Saginaw St,Pontiac,MI,48342-2182
Farmington Brewing Company LLC,33336 Grand River Ave,Farmington,MI,48336-3124
Fetch Brewing Co,100 W Colby St,Whitehall,MI,49461-1015
Glass Creek Winery,450 N Whitmore Rd,Hastings,MI,49058-9791
"Great Legs Winery, Brewery, and Distillery",332 E Lakewood Blvd,Holland,MI,49424-3306
Green Bird Cellars and Organic Farms,9825 E Engles Rd,Northport,MI,49670-9408
Haymarket Brewery and Taproom,9301 Red Arrow Hwy,Bridgman,MI,49106-9558
Heavenly Vineyards,15946 Jefferson Rd,Morley,MI,49336-9705
Hopland Brewstillery,977 Butternut Dr Ste 4,Holland,MI,49424
Ironbark Brewery,2610 Kibby Rd,Jackson,MI,49203-4908
Jamex Brewing Co,21721 Harper Ave,Saint Clair Shores,MI,48080-2213
Keweenaw Brewing Co,408 Shelden Ave,Houghton,MI,49931-2138
Lake Ann Brewing Co,6535 First St,Lake Ann,MI,49650-9549
Liberty Street Brewing Co,149 W Liberty St Ste 1,Plymouth,MI,48170-8001
Loggers Brewing Company,1215 S River Rd,Saginaw,MI,48609-5208
Ludington Bay Brewing Co,515 S James St,Ludington,MI,49431-2325
Mackinaw Trail Brewing Company,103 W Lakeshore Dr,Manistique,MI,49854-1579
MI Brewery / Kayla Rae Cellars,31 Courtland St,Rockford,MI,49341-1080
Michigan Brewing Works,3435 Dietz Rd,Williamston,MI,48895-9506
MiddleCoast Brewing Company,331 E State St,Traverse City,MI,49684
Mishigama Craft Brewing / Ypsi Alehouse,124 Pearl St Ste 100,Ypsilanti,MI,48197-5374
New Union Brewing,400 W Main St,Lowell,MI,49331-1617
Northville Winery and Brewery,630 Old Baseline Rd,Northville,MI,48167
One Well Brewing,4213 Portage St,Kalamazoo,MI,49001-5264
OpenRoad Brewery,128 S Main St,Wayland,MI,49348-1209
Oracle Brewing Company,122 N Michigan Ave,Saginaw,MI,48602-4234
Our Brewing Co,76 E 8th St,Holland,MI,49423-3556
Ozone's Brewhouse,305 Beaver St,Lansing,MI,48906-4411
Paddle Hard Brewing,118 Michigan Ave,Grayling,MI,49738-1741
Pavlov's Brewing Company,7548 Lewis Ave,Temperance,MI,48182
Pointless Brewery,3014 Packard St,Ann Arbor,MI,48108-1935
Railtown Brewing Co,3595 68th St SE,Dutton,MI,49316-8503
Redline Brewing Company,5470 Lapeer Rd,Burton,MI,48509-2235
River Rouge Brewing Company,406 E 4th St,Royal Oak,MI,48067-2757
Rupert's Brew House,773 W Michigan Ave,Kalamazoo,MI,49007-4518
Rustic Leaf Brewing Company,7200 Highland Rd,Waterford,MI,48327-1506
Sanctuary Spirits,902 E Saginaw Hwy,Grand Ledge,MI,48837-9419
Sandhill Crane Vineyards,4724 Walz Rd,Jackson,MI,49201-9613
Silver Spruce Brewing Company,439 E Eight St,Traverse City,MI,49684
Soo Brewing Company,223 W Portage Ave,Sault Sainte Marie,MI,49783-1921
Speciation Artisan Ales,3720 West River Dr NE Ste 201,Comstock Park,MI,49321-8980
St Ambrose Cellars,841 S Pioneer Rd,Beulah,MI,49617
Stony Lake Brewing Company,447 E Michigan Ave,Saline,MI,48176-1547
Tapistry Brewing Company,4236 Lake St,Bridgman,MI,49106-9109
Tenacity Brewing,119 N Grand Traverse St,Flint,MI,48503-5620
Territorial Brewing Company,256 Helmer Rd N,Springfield,MI,49037-7914
The Distant Whistle Brewhouse,118 S Main St,Vicksburg,MI,49097-1289
The Livery,190 5th St,Benton Harbor,MI,49022-3484
The Maple Grille LLC,13105 Gratiot Rd,Hemlock,MI,48626-8444
The Mitten Brewing Co,527 Leonard St NW,Grand Rapids,MI,49504-4278
Third Monk Brewing Co,228 S Lafayette St,South Lyon,MI,48178-1406
Three Bridge Brewing Company,2221 13th Street,Menominee,MI,49858
Trail Point Brewing Co.,6035 Lake Michigan Dr,Allendale,MI,49401-9101
Transient Artisan Ales,4229 Lake St,Bridgman,MI,49106-9109
Tri City Brewing Co,4170 Shrestha Dr,Bay City,MI,48706-2184
UBrew Nanobrewery,3054 Cass Rd Unit F,Traverse City,MI,49684-8800
Urbanrest Brewing Company,2615 Wolcott St,Ferndale,MI,48220-1422
Watermark Brewing Company,2684 KIMMEL ST,Stevensville,MI,49127-1219
Wax Wings Brewing Co,3840 Gull Rd,Kalamazoo,MI,49048
Waypost Brewing Co.,1630 Blue Star Hwy,Fennville,MI,49408
Whiskey Point Brewing Company,38230 Michigan Ave,Beaver Island,MI,49782-5105
Witch's Hat Brewing,601 S Lafayette St,South Lyon,MI,48178-1453
10K Brewing,2005 2nd Ave,Anoka,MN,55303-2243
14 Lakes Brewery,,Crosslake,MN,56442
3rd Act Craft Brewery,4120 Radio Dr,Woodbury,MN,55129
Alloy Brewing Company,2700 Coon Rapids Blvd NW,Coon Rapids,MN,55433-3955
Angry Inch Brewing,20841 Holyoke Ave,Lakeville,MN,55044
Back Channel Brewing,4787 Shoreline Dr,Spring Park,MN,55384-9713
Bad Habit Brewing Company,25 College Ave N,Saint Joseph,MN,56374
Bad Weather Brewing LLC,414 7th St W,Saint Paul,MN,55102-2733
Bald Man Brewing Company,2020 Silver Bell Rd Ste 25,Eagan,MN,55122-1030
Barrel Theory Beer Company,248 7th St E,Saint Paul,MN,55101-2349
Bemidji Brewing Company,211 America Ave NW,Bemidji,MN,56601-3176
Bent Brewstillery,1744 Terrace Dr,Roseville,MN,55113-1315
Blue Wolf Brewing Company LLC,8515 Edinburgh Centre Dr.,Brooklyn Park,MN,55443
Boathouse Brothers Brewing Co,16211 Main Avenue SE,Prior Lake,MN,55372-2332
Bobbing Bobber Brewing Company,900 Hwy 15 S,Hutchinson,MN,55350
Burning Brothers Brewing,1750 Thomas Ave,Saint Paul,MN,55104-2918
Chapel Brewing,15 Hester St E,Dundas,MN,55019-3942
Clockwerks Brewing,25 N 4th St,Minneapolis,MN,55401-1719
Clutch Brewing Company,928 W 7th Street,Saint Paul,MN,55102
Cuyuna Brewing Company,1 E Main St,Crosby,MN,56441-1613
Disgruntled Brewing,735 2nd St NE,Perham,MN,56573-1828
Dual Citizen Brewing Co.,725 Raymond Ave,Saint Paul,MN,55114-1709
Eastlake Craft Brewery,920 E Lake St Ste 123,Minneapolis,MN,55407-4129
Forbidden Barrel Brewing,900 3rd Ave,Worthington,MN,56187
Foxhole Brewhouse,313 4th St SW,Willmar,MN,56201
Giesenbräu Bier Co LLC,1306 1st St NE,New Prague,MN,56071-2451
Gravity Storm Brewery Cooperative,309 Main St N,Austin,MN,55912
Half Pint Brewing Company,40099 150th St.,Waseca,MN,56093
Hayes Public House,112 1st St S,Buffalo,MN,55313-1402
Hoops Brewing,325 S Lake Ave # 110,Duluth,MN,55802-2305
Imminent Brewing,519 Division St S Unit 2,Northfield,MN,55057-2021
Inbound Brewco,701 N 5th St,Minneapolis,MN,55401-1124
Invictus Brewing Co,2025 105th Ave NE,Blaine,MN,55449
Junkyard Brewing Company,1416 1st Ave N,Moorhead,MN,56560-2208
Karst Brewing LLC,315 1st St,Fountain,MN,55935-8816
Kinney Creek Brewery,1016 7th St NW,Rochester,MN,55901-2668
Klockow Brewing Company,36 SE 10th St,Grand Rapids,MN,55744-3947
La Dona Cerveceria,241 Fremont Ave N Unit B,Minneapolis,MN,55405
Lake Monster Brewing,550 Vandalia St Ste 160,Saint Paul,MN,55114-1997
Lake of the Woods Brewing Company,104 Main Ave NE,Warroad,MN,56763
Lakes & Legends Brewing Company,1368 Lasalle Ave,Minneapolis,MN,55403-2316
Little Thistle Brewing,2031 14th St NW,Rochester,MN,55901
LocAle Brewing Company,228 Poplar St,Mankato,MN,56001
Lost Sanity Brewing Co.,12 West Main Street,Madelia,MN,56062
LTD Brewery,725 Mainstreet,Hopkins,MN,55343-7624
LTS Brewing Company,2001 32nd Ave NW,Rochester,MN,55901-8321
LynLake Brewery,2934 Lyndale Ave S,Minneapolis,MN,55408-2110
Maple Island Brewing,225 Main St N,Stillwater,MN,55082-5021
Montgomery Brewing Company,306 2nd St NW,Montgomery,MN,56069-1011
Moose Lake Brewing Company,244 Lakeshore Drive,Moose Lake,MN,55767
OMNI Brewing Company,9462 Deerwood Ln N,Maple Grove,MN,55369-3629
Pantown Brewing Company,408 37th Ave N,Saint Cloud,MN,56303-3047
Revelation Ale Works,146 S Atlantic Ave,Hallock,MN,56728
Roundhouse Brewery,1551 Northern Pacific Rd,Brainerd,MN,56401-2687
Rustech Brewing Company,105 W 3rd St,Monticello,MN,55362-8792
Schram Haus Brewery,3700 Chaska Blvd,Chaska,MN,55318
Schram Vineyards Winery & Brewery,8785 Airport Rd,Waconia,MN,55387-9634
Shakopee Brewhall,124 1st Ave E,Shakopee,MN,55379-1310
Sisyphus Brewing,712 Ontario Ave W #100,Minneapolis,MN,55403-1138
Spilled Grain Brewhouse,300 Elm St E,Annandale,MN,55302-9406
Spiral Brewery,111 2nd St E,Hastings,MN,55033-1265
Stacked Deck Brewing,421 Cedar St,Saint Paul,MN,55101-1712
Starry Eyed Brewing Company,16757 11th St NE,Little Falls,MN,56345-2203
Talking Waters Brewing Co.,205 S 1st St,Montevideo,MN,56265-1412
"The Lab, LLC",767 N Eustis Street,Saint Paul,MN,55114
Thesis Beer Project,1929 2nd St. SW,Rochester,MN,55902
Three Twenty Brewing Co.,135 5th St SE,Pine City,MN,55063-1510
Torg Brewery,8421 University Ave NW,Minneapolis,MN,55432
"U4ic Brewing, Inc.",23436 Union Trl Ste 1,Belle Plaine,MN,56011-9008
Uncommon Loon Brewing Company,PO Box 421,Chisago City,MN,55013
Ursa Minor Brewing,2415 W Superior St,Duluth,MN,55806
Venn Brewing Company,3550 E 46th St Suite 140,Minneapolis,MN,55406-3965
Voyageur Brewing Co,233 W Hwy 61,Grand Marais,MN,55604
Wabasha Brewing Company,429 Wabasha St S,Saint Paul,MN,55107-1126
Waconia Brewing Company,255 W Main St,Waconia,MN,55387-1025
Waldmann Brewery,445 Smith Ave N,Saint Paul,MN,55102-2725
Ward House Brewery,111 Elm Ave W,Waseca,MN,56093-2433
"Wayzata Brew Works, LLC","294 Grove Lane E, ste 150",wayzata ,MN,55391
Wild Mind Artisan Ales,6031 Pillsbury Ave S,Minneapolis,MN,55419-2328
Wooden Hill Brewing Company,7421 Bush Lake Road,Edina,MN,55439
3 Trails Brewing,111 N Main St,Independence,MO,64050
4 By 4 Brewing Company,2811 E Galloway St Ste A,Springfield,MO,65804-4601
Alma Mader Brewing,2635 Southwest Boulevard,Kansas City,MO,64108
Alpha Brewing Co.,4310 Fyler Ave,Saint Louis,MO,63116
Apex Aleworks,4356 Noland Rd,Independence,MO,64055-4741
Atlas Saloon Brewery,100 W Broadway St,Excelsior Springs,MO,64024
Big Rip Brewing Company,216 E 9th Ave,North Kansas City,MO,64116-4315
BKS Artisan Ales,633 E 63rd St,Kansas City,MO,64110
Boat Town Brewing,18146 Campground Rd,Phillipsburg,MO,65722-8122
Border Brewing Company,406 E 18th St,Kansas City,MO,64108
Callsign Brewing,1447 Gentry St,Kansas City,MO,64116
Casual Animal,1725 McGee St,Kansas City,MO,64108
Center Ice Brewing Company,3126 Olive St.,Saint Louis,MO,63103
Crane Brewing Company,6515 Railroad St,Raytown,MO,64133-5210
Diametric Brewing Co.,949 NE Columbus St,Lees Summit,MO,64086
Double Shift Brewing,412 E 18th St,Kansas City,MO,64108-1410
Earthbound Beer,2724 Cherokee St,Saint Louis,MO,63118-3036
Exit 6 Brewery,5055 Highway N Ste 112,Saint Charles,MO,63304-8031
Flag City Brewing,618 West 4th St,Webb City,MO,64870
Fringe Beerworks,224 SE Douglas St,Lees Summit,MO,64063-2329
Great Escape Beer Works,4022 S Lone Pine Ave,Springfield,MO,65804
Hold Fast Brewing,235 North Kimbrough Ave,Springfield,MO,65806
Indian Springs Brewing Company,109 E Main St,Neosho,MO,64850
"Lake Bums BrewCo, LLC.",112 Parrothead Ln,Pontiac,MO,65729-7134
Levi Garrison & Sons Brewing Company,105 W Bird St,Hamilton,MO,64644-1029
Mackenzie Brewing Company,932 Meramec Station Road,Valley Park,MO,63088
Miami Creek Brewing Company,14226 NW County Road 14001,Drexel,MO,64742-9733
Narrow Gauge Brewing Company,1595 N Highway 67,Florissant,MO,63031-4606
River Bluff Brewing,1224 Frederick Ave,Saint Joseph,MO,64501-2334
Rockwell Beer Company,1320 S Vandeventer Ave,Saint Louis,MO,63110
Side Project Brewing,7458 Manchester Rd,Maplewood,MO,63143-3032
Steampunk Brew Works,231 Lamp and Lantern Vlg,Chesterfield,MO,63017-8209
Stockyards Brewing Company,1600 Genessee St Ste 100,Kansas City,MO,64102-1044
Strange Days Brewing Co,316 Oak St,Kansas City,MO,64106
Tie and Timber Beer Company,1459 E Cherry St,Springfield,MO,65802-3356
Two Plumbers Brewery + Arcade,2236 1st Capitol Dr,Saint Charles,MO,63301
Whistling Springs Brewing Company / Dark Hills Brewery,246 Whistling Springs Lane,Seligman,MO,65745
Wild Water,9995 Winghaven Blvd,O Fallon,MO,63368-3623
Wind Shift Brewing Company,3421 NW Jefferson St Ste B,Blue Springs,MO,64015
Atypical Brewery & Barrelworks,510 Central Ave East,Minot,ND,58701
Bismarck Brewing,1100 Canada Ave. Suite 1,Bismarck,ND,58503
Buffalo Commons Brewing Company,2307 Memorial Hwy,Mandan,ND,58554-4624
Dialectic Brewing Company,416 W Main St,Mandan,ND,58554
Drumconrath Brewing Company,"630 1st Ave N, Ste 6",Fargo,ND,58102
Flatland Brewery,"3140 Bluestem Dr, Ste 105",West Fargo,ND,58078-8009
Gideon's Brewing Company,6761 Sterling Drive,Bismarck,ND,58504
Half Brothers Brewing Company,17 North Third St,Grand Forks,ND,58201
Pixeled Brewing Co.,1100 NP Ave #101,Fargo,ND,58103
Prairie Brothers Brewing,4474 23rd Ave S,Fargo,ND,58104
Boiler Brewing Company,129 N 10th St Ste 8,Lincoln,NE,68508-3633
Bolo Beer Co,420 E 1st St,Valentine,NE,69201-1904
Bottle Rocket Brewing Co,230 S 5th St,Seward,NE,68434-2520
Code Beer Co.,200 S Antelope Valley Pkwy,Lincoln,NE,68510-1016
Cosmic Eye Brewing,6800 P St # 300,Lincoln,NE,68505-2463
First Street Brewing,119 N St Joseph Ave,Hastings,NE,68901-7553
Hanging Horseshoe Brewing Company,73892 332 Ave,Imperial,NE,69033-
Johnnie Byrd Brewing Company,121 N Pearl St,Wayne,NE,68787
Lost Way Brewery,614 3rd Ave,Holdrege,NE,68949-2701
Pals Brewing Company,4520 South Buffalo Bill Avenue,North Platte,NE,69101
Prairie Pride Brewery,115 E South Front St,Grand Island,NE,68801-5917
Scratchtown Brewing Company,141 S 16th St,Ord,NE,68862-1415
Scriptown Brewing Company,3922 Farnam St,Omaha,NE,68131-3014
Soaring Wings Brewing,17111 S 138th St,Springfield,NE,68059-4810
Steeple Brewing Co,717 W 1st St,Hastings,NE,68901
Stone Hollow Brewing Company,301 Court St,Beatrice,NE,68310
13 Below Brewery,7391 Forbes Rd,Cincinnati,OH,45233-1013
Akronym Brewing LLC,58 E Market St,Akron,OH,4430
Alematic Artisan Ales,6182 Chambersburg Rd,Huber Heights,OH,45424-3857
Bad Tom Smith Brewing,4720 Eastern Ave,Cincinnati,OH,45226-1893
Bait House Brewery,223 Meigs St,Sandusky,OH,44870
Bascule Brewery And Public House,1397 Colorado Ave,Lorain,OH,44052-3377
Biker Brew House,5700 Interstate Blvd,Austintown,OH,44515-1170
BirdFish Brewing Co,140 E Park Ave,Columbiana,OH,44408-1353
Black Frog Brewing Co,831 S McCord Rd,Holland,OH,43528-8746
"Bookhouse Brewing, LLC.",1526 W 25th St,Cleveland,OH,44113
BottleHouse Brewery,13368 Madison Ave,Lakewood,OH,44107-4840
Bowling Green Beer Works,322 N Grove St Ste C,Bowling Green,OH,43402-2322
Branch & Bone Artisan Ales,905 Wayne Ave,Dayton,OH,45410-1247
Brausch Brewery,1030 S South St,Wilmington,OH,45177-2924
Brick and Barrel,1844 Columbus Rd,Cleveland,OH,44113-2412
Brink Brewing Company,5905 Hamilton Ave,Cincinnati,OH,45224-3045
Buck's Brewing Co,993 Mount Vernon Rd,Newark,OH,43055-4728
Catawba Island Brewing Company,2330 East Harbor Rd,Port Clinton,OH,43452-1517
Cincy Brewing Co.,607 Shepherd Dr. Unit 6,Cincinnati,OH,45215
Cloven Hoof Brewing Co,1308 Bridge St,Ashtabula,OH,44004
Combustion Brewery,80 W Church St Ste 101,Pickerington,OH,43147-1484
Crooked Handle Brewing Co.,760 N Main St,Springboro,OH,45066-8944
Dalton Union,21100 SHIRK RD,MARYSVILLE,OH,43040-7048
DankHouse Brewing Company,161 Forry St,Newark,OH,43055-3760
Devil Wind Brewing LLC,130 S Detroit St,Xenia,OH,45385
Double Edge Brewing Co,158 W Chestnut St,Lancaster,OH,43130-4308
Dungeon Hollow Brewing,572 County Rd 22A,Bloomingdale,OH,43910
Earnest Brew Works,4342 S Detroit Ave,Toledo,OH,43614-5367
Eighty-Three Brewery,1201 E Market St Suite 110,Akron,OH,44305
Eldridge & Fiske Brewery and Taproom,9 E Columbus Street,Lithopolis,OH,43136
Fibonacci Brewing Company,1445 Compton Rd,Cincinnati,OH,45231-3559
Forest City Brewery,2135 Columbus Rd Ste A,Cleveland,OH,44113-4243
Franklin Brewing Co,1345 East Ave,Elyria,OH,44035-7681
Fretboard Brewing Company,5800 Creek Rd,Blue Ash,OH,45242-4010
Galena Brewing Company,129 E Coshocton St,Johnstown,OH,43031
Gongoozlers Brewery,629 W. Monroe St.,New Bremen,OH,45869-1328
Grainworks Brewing Company,7790 Service Center Dr,West Chester,OH,45069-2442
Granville Brewing Company,5371 Columbus Rd,Granville,OH,43023-9192
Great Black Swamp Brewing Co,3323 Monroe St,Toledo,OH,43606-4553
Headtrip Brewery,1634 Norton Rd,Stow,OH,44224-1412
Heavier Than Air Brewing Co,497 Miamisburg Centerville Rd,Centerville,OH,45459-4753
Hightower Brewing Co,3445 County Road 16 Unit B,Rayland,OH,43943-7765
HiHO Brewing Co,1707 Front St,Cuyahoga Falls,OH,44221-4711
Hoodletown Brewing Co,424 W 3rd St,Dover,OH,44622-3169
"Ignite Brewing Company, Ltd.",600 W Tuscarawas Ave,Barberton,OH,44203-2460
Ill Mannered Brewing Company,38 Grace Dr,Powell,OH,43065-8466
JAFB Brewery,120 Beall Ave,Wooster,OH,44691-3673
Laxton Hollow Brewing Works,302 E Main St,Mansfield,OH,44904-1300
Lil Paws Winery,17574-A Mahoning Ave,Lake Milton,OH,44429-9583
Listermann Brewing Company,1621 Dana Ave,Cincinnati,OH,45207-1007
Loose Rail Brewing,37 W Waterloo St,Canal Winchester,OH,43110-1140
Magic City Brewing Company,2727 Manchester Rd,Akron,OH,44319
Main Sail Brewery / Atwood Yacht Club,2637 Lodge Rd SW,Sherrodsville,OH,44675-9719
Maize Valley Craft Brewery,6193 Edison St NE,Hartville,OH,44632-9326
Maple Lawn Brewery,110 Mulberry Ave,Pomeroy,OH,45769-1004
Masthead Brewing Co,1261 Superior Ave E,Cleveland,OH,44114-3204
Millersburg Brewing,60 E Jackson St,Millersburg,OH,44654-1257
Missing Falls Brewery,540 S Main St Bldg 1 Ste 112,Akron,OH,44311-1079
Modern Methods Brewing Company,125 David Grohl Alley,Warren,OH,44481
Monzula Farm Brewery / Vineyard 22,83800 Monzula Rd,Cadiz,OH,43907
Mother Stewart's Brewing Co,109 W North St,Springfield,OH,45504-2546
Municipal Brew Works,20 High St,Hamilton,OH,45011-2709
Muskellunge Brewing Company,425 5th St NW,Canton,OH,44702
Narrow Path Brewing Company,106 Karl Brown Way,Loveland,OH,45140-2902
Neon Groundhog Brewery - Majestic Oak Winery,13554 Mohler Rd,Grand Rapids,OH,43522-9648
Old Mill Craft Beer,2376 State Route 850,Bidwell,OH,45614-9590
Olentangy River Brewing Company,303 Green Meadows Dr S,Lewis Center,OH,43035
Paladin Brewing,6520 Mahoning Ave,Austintown,OH,44515-2012
Paradigm Shift Brewing,128 North Ave NE,Massillon,OH,44646-5526
Paradise Brewing / Paradise Brewing Supplies,7766 Beechmont Ave,Cincinnati,OH,45255
Patron Saints Brewery,4730 W Bancroft St #8,Toledo,OH,43615
Pinups & Pints,10963 Lower Valley Pike,Medway,OH,45341-9706
Pretentious Barrel House,745 Taylor Ave,Columbus,OH,43219-2526
Ramblin Reds Brewing Company,1493 N Shoop Ave Unit A,Wauseon,OH,43567-2801
Random Precision Brewing Company,2365 W Dublin Granville Rd,Columbus,OH,43235-2700
Rolling Mill Brewing Company,916 1st Ave,Middletown,OH,45044-8217
Roundhouse Depot Brewing Co. Llc,217 W Chillicothe Ave,Bellefontaine,OH,43311
Seventh Son Brewing Co,1101 N 4th St,Columbus,OH,43201-3683
Sideswipe Brewing,2419 Scioto Harper Dr,Columbus,OH,43204-3420
Sonder Brewing,8584 Duke Blvd,Mason,OH,45040
Sons Of Toil Brewing LLC,14090 Klein Rd,Mount Orab,OH,45154-8312
Staas Brewing Company,31 W Winter St,Delaware,OH,43015-1948
Star City Brewing Company,319 S 2nd St,Miamisburg,OH,45342-2926
Streetside Brewery,4003 Eastern Ave,Cincinnati,OH,45226-1747
Swine City Brewing Company,4614 Industry Dr,Fairfield,OH,45014-1923
Taft's Ale House,1429 Race St,Cincinnati,OH,45202-7009
Tailspin Brewing Co,626 S 2nd St,Coldwater,OH,45828-9603
Terrestrial Brewing Company,7524 Father Frascati Dr,Cleveland,OH,44102-2087
The BottleHouse Brewery And Meadery,2050 Lee Rd,Cleveland Heights,OH,44118-2557
The Brew Mentor,9528 Diamond Centre Dr,Mentor,OH,44060-1876
The Cleveland Brewery,777 E 185th St,Cleveland,OH,44119-2170
The Common Beer Company,126 E Main St,Mason,OH,45040
The Laird Arcade Brewery,114 S Washington St Ste D,Tiffin,OH,44883-3915
The Phoenix Brewing Company,131 N Diamond St,Mansfield,OH,44902-1331
The Urban Woody Brewery,105 E Tiffin St,Fostoria,OH,44830
The Vine N Hop Shop,1327 N. Carpenter Rd.,Brunswick,OH,44212
Three Points Urban Brewery,331 E 13th St,Cincinnati,OH,45202-7307
Trek Brewing,1486 Granville Rd,Newark,OH,43055-1538
Twin Oast Brewing,3630 NE Catawba Rd,Catawba Island,OH,43452
Two Monks Brewing Company,352 Massillon Rd,Akron,OH,44312-2021
West Side Brewing,3044 Harrison Ave,Cincinnati,OH,45211-5752
White Shutter Winery and Brewery,3794 County Hwy 56,Nevada,OH,44849
Wooly Pig Farm Brewery,23631 Township Road 167,Fresno,OH,43824-9704
Working Class Brewery,17448 Lorain Ave,Cleveland,OH,44111-4028
Y Bridge Brewing Company,1417 Linden Ave,Zanesville,OH,43701
A Homestead Brew,26685 486th Ave,Valley Springs,SD,57701-2577
Dakota Point Brewing LLC,405 Canal St Ste 1200,Rapid City,SD,57754-1539
Dakota Shivers Brewing,717 W Main St,Lead,SD,57006-3038
Eponymous Brewing Co,126 Main Ave S,Brookings,SD,57701-3163
Lost Cabin Beer Co.,1401 W Omaha Street,Rapid City,SD,57106
Lupulin Brewing - Sioux Falls,"2425 S. Shirley Ave, Suite 112",Sioux Falls,SD,57110
Obscure Brewing,5200 E Garfield Ave,Sioux Falls,SD,57104
Severance Brewing Company,701 N Phillips Ave,Sioux Falls,SD,57783-4147
Spearfish Brewing Company,741 N Main St Ste 130,Spearfish,SD,57104-6719
WoodGrain Brewing Company,101 S Phillips Ave Ste 100,Sioux Falls,SD,57701
Zymurcracy Beer Company,4624 Creek Dr Ste 6,Rapid City,SD,
1840 Brewing Company,342 E Ward St,Milwaukee,WI,53207-1348
22 Lakes Brewing Co.,107 W Fulton St,Waupaca,WI,54981
Bare Bones Brewery,4362 County Rd S,Oshkosh,WI,54904-9575
Barrel 41 Brewing Co,1132 S Commercial St,Neenah,WI,54956
Big Head Brewing Co.,6204 W State St,Milwaukee,WI,53213-2906
Biloba Brewing,2970 N BROOKFIELD RD,Brookfield,WI,53045-3027
Brickfield Brewing,130 West Olson Drive,Grantsburg,WI,54840
"Broken Bat Brewing Company, LLC",231 E Buffalo St Lowr UNIT,Milwaukee,WI,53202-5727
City Service Brewing,404 Main St,Darlington,WI,53530-1428
Component Brewing Co,2018 S 1st St Ste 207,Milwaukee,WI,53207
Dave's Brew Farm,2470 Wilson St,Wilson,WI,54027-3950
Door County Brewing Co.,2434 HWY F,Baileys Harbor,WI,54202-0201
Earth Rider Brewery,1617 N 3rd St,Superior,WI,54880-1016
Enlightened Brewing Company,427 e Stewart Street,Milwaukee,WI,53207-1102
Funk Factory Geuzeria,1602 Gilson St,Madison,WI,53715-2128
Geneva Lake Brewing Co,750 Veterans Pkwy Unit 107,Lake Geneva,WI,53147-4950
Giant Jones Brewing LLC,931 E Main St,Madison ,WI,53703
H.H. Hinder Brewing Company,804 Churchill Street,Waupaca,WI,54981
Hubbleton Brewing,W10445 Hubbleton Rd,Waterloo,WI,53594
Lion's Tail Brewing,116 S Commercial St,Neenah,WI,54956-3020
McFleshman's Brewing Co,115 S State St,Appleton,WI,54911-5840
Modicum Brewing,3732 Spooner Ave Ste A,Altoona,WI,54720-1097
Mosinee Brewing Company,401 4th St,Mosinee,WI,54455
Noble Roots Brewing,2790 University Ave,Green Bay,WI,54311-5856
Oliphant Brewing,350 Main St Ste 2,Somerset,WI,54025-9108
Ombibulous Brewing Company,1419 Winchester Way Suite 8,Altoona,WI,54720
Omega Brewing Experience,115 E Main St,Omro,WI,54963
OOGA Brewing Company,301 S Spring Street,Beaver Dam,WI,53916
O'so Brewing,3028 Village Park Dr,Plover,WI,54467-4300
Petskull Brewing,220 N 9th St,Manitowoc,WI,54220-4637
Pitchfork Brewing,709 Rodeo Dr Ste 104,Hudson,WI,54016-4700
Plymouth Brewing Co,222 E Mill St,Plymouth,WI,53073-1706
Public Craft Brewing Co,716 58th St,Kenosha,WI,53140-4137
R’Noggin Brewing,6521 120th Ave,Kenosha ,WI,53142
Racine Brewing Company,303 Main Street,Racine,WI,53403
Raised Grain Brewing Company,1725 Dolphin Dr,Waukesha,WI,53186-1492
Rock County Brewing Company,10 N Parker Dr,Janesville,WI,53545-
Rowlands Calumet Brewery Co,25 N Madison St,Chilton,WI,53014-1451
Sahale Ale Works,"1505 Wisconsin Avenue, Suite 170",Grafton,WI,53024
Some Nerve Brewing Company,5586 US Highway 51,Manitowish Waters,WI,54545-6325
Stock House Brewing Co,7208 W North Ave,Wauwatosa,WI,53213
SwitchGear Brewing Co,44 D Gottfried St,Elkhart Lake,WI,53020
The Fermentorium,7481 State Road 60,Cedarburg,WI,53012-9702
Thumb Knuckle Brewing Company,E0208 State Rd 54,Luxemburg,WI,54217
Trap Rock Brewing Co.,520 Blanding Woods Rd,Saint Croix Falls,WI,54024
Tribute Brewing Co,1106 N Bluebird Rd,Eagle River,WI,54521-7557
Turtle Stack Brewery,125 2nd St S,La Crosse,WI,54601-3206
Urban Harvest Brewing,1024 S 5th St,Milwaukee,WI,53204-1733
Valkyrie Brewing,234 W Dallas St,Dallas,WI,54733-9706
Vennture Brew Co,5519 W North Ave,Milwaukee,WI,53208
Westallion Brewing Company,1825 S 72nd St,West Allis,WI,53214-4714
Whitewater Music Hall,130 N 1st St,Wausau,WI,54403-5599
Working Draft Beer Company,1129 E Wilson St,Madison,WI,53703-3758
Zymurgy Brewing Co,624 Main St East,Menomonie,WI,54751
